model,acc,f1
logistic_reg,0.9201,0.9188441575346495
ffn,0.9308,0.9294397065991259
