model,acc,f1
logistic_reg,0.923,0.9218826347044
ffn,0.9664,0.9660806128869857
cnn,0.9805,0.9803598549028326
