model,acc,f1
logistic_reg,0.923,0.9218826347044
ffn,0.9664,0.9660806128869857
cnn,0.989,0.988958045480439
resnet,0.8409,0.840234432674106
